DISTRICT,Rape,Kidnapping and Abduction,Dowry Deaths,Assault on women with intent to outrage her modesty,Insult to modesty of Women,Cruelty by Husband or his Relatives,Importation of Girls,Area type
A and N ISLANDS,3,9,1,21,2,18,0,Peaceful Area
AHMEDABAD RURAL,85,430,12,253,1,1217,0,Peaceful Area
AHWA-DANG,29,5,1,29,1,71,0,Peaceful Area
AIZAWL,345,1,0,362,2,36,0,Peaceful Area
ALIRAJPUR,145,61,3,136,2,28,0,Peaceful Area
ALMORA,49,38,70,57,20,83,0,Peaceful Area
AMBALA,237,252,109,235,188,1806,0,Peaceful Area
AMBALA RURAL,11,19,7,12,4,73,0,Peaceful Area
AMBALA URBAN,21,39,5,23,14,159,0,Peaceful Area
AMBEDKAR NAGAR,167,486,151,173,111,919,0,Peaceful Area
AMRAVATI COMMR.,236,192,36,488,233,909,0,Peaceful Area
AMRELI,96,555,9,272,30,1514,0,Peaceful Area
AMRITSAR,135,277,53,129,23,641,0,Peaceful Area
AMRITSAR RURAL,68,110,21,45,8,172,0,Peaceful Area
ANAND,117,449,1,300,29,2022,0,Peaceful Area
ANANTNAG,155,867,0,948,417,18,0,Peaceful Area
ANDAMAN,92,61,3,168,37,97,0,Peaceful Area
ANJAW,1,1,0,0,0,2,0,Peaceful Area
ANUPPUR,390,49,66,657,37,350,0,Peaceful Area
ARIYALUR,74,109,9,241,12,53,0,Peaceful Area
ARWAL,31,68,157,64,0,99,0,Peaceful Area
ASANSOL,179,189,112,206,15,2563,0,Peaceful Area
ASHOK NAGAR,466,55,86,1091,76,339,0,Peaceful Area
AURAIYA,118,408,262,187,91,342,0,Peaceful Area
AURANGABAD COMMR.,224,225,66,544,236,1541,0,Peaceful Area
AWANTIPORA,52,179,0,243,40,5,0,Peaceful Area
BADDIPOLICEDIST,27,30,1,25,1,38,0,Peaceful Area
BAGAHA,225,323,80,148,0,169,0,Peaceful Area
BAGALKOT,86,126,37,604,11,712,2,Peaceful Area
BAGESHWAR,46,18,35,31,10,31,0,Peaceful Area
BAGHPAT,173,421,188,185,188,784,0,Peaceful Area
BAKSA,33,50,3,4,0,15,0,Peaceful Area
BALLIA,99,299,216,158,155,339,0,Peaceful Area
BALOD,22,6,4,50,1,9,0,Peaceful Area
BALODA BAZAR,45,18,0,98,10,37,0,Peaceful Area
BANDIPORA,16,237,0,348,37,3,0,Peaceful Area
BANKA,447,354,235,52,2,253,0,Peaceful Area
BARAGARH,285,144,101,932,106,938,0,Peaceful Area
BARNALA,141,60,28,98,0,205,0,Peaceful Area
BARWANI,467,58,40,970,101,203,0,Peaceful Area
BASKA,123,197,18,83,0,114,0,Peaceful Area
BASTI,120,285,185,123,316,357,0,Peaceful Area
BATALA,218,147,57,111,0,396,0,Peaceful Area
BDN CP,13,0,9,58,8,320,0,Peaceful Area
BELLARY,150,173,99,729,2,803,1,Peaceful Area
BEMETARA,24,18,3,61,5,29,0,Peaceful Area
BERHAMPUR,153,119,70,1136,71,412,0,Peaceful Area
BHABHUA,143,232,252,74,0,246,2,Peaceful Area
BHANDARA,338,121,36,629,320,786,0,Peaceful Area
BHARUCH,118,259,0,214,24,655,0,Peaceful Area
BHATINDA,302,276,51,264,20,509,0,Peaceful Area
BHIM NAGAR,57,196,56,73,0,125,0,Peaceful Area
BHOPAL RLY.,20,9,16,137,34,11,0,Peaceful Area
BIDAR,105,172,86,712,23,832,0,Peaceful Area
BIEO,0,0,0,0,0,0,0,Peaceful Area
BIJAPUR,155,225,36,883,0,1392,10,Peaceful Area
BISHNUPUR,40,86,0,109,0,21,0,Peaceful Area
BIZAPUR,63,15,1,43,0,19,0,Peaceful Area
BKP CP,36,201,20,88,2,989,0,Peaceful Area
BONGAIGAON,478,508,55,175,0,1101,0,Peaceful Area
BORDER,35,47,0,48,51,12,0,Peaceful Area
BORDER DISTRICT,12,15,3,14,10,7,0,Peaceful Area
BOUDH,89,57,19,516,33,138,0,Peaceful Area
BUDGAM,104,712,0,1079,249,10,0,Peaceful Area
BURHANPUR,174,22,45,478,87,215,0,Peaceful Area
BUXAR,150,281,281,169,1,493,11,Peaceful Area
C.I.D.,4,4,0,0,0,0,0,Peaceful Area
CAR,0,1,0,1,0,0,0,Peaceful Area
CAW,1,0,0,3,0,789,0,Peaceful Area
CBCID,7,2,1,0,0,21,0,Peaceful Area
CBPURA,55,85,44,225,4,229,0,Peaceful Area
CENTRAL,281,665,45,419,131,606,1,Peaceful Area
CHAIBASA,483,135,39,135,7,181,1,Peaceful Area
CHAMARAJNAGAR,88,55,46,527,0,387,1,Peaceful Area
CHAMBA,142,173,8,259,11,117,0,Peaceful Area
CHAMOLI,44,30,27,66,14,27,0,Peaceful Area
CHAMPAWAT,22,24,13,39,3,27,0,Peaceful Area
CHAMPHAI,122,1,0,88,0,0,0,Peaceful Area
CHANDEL,4,3,0,4,0,0,0,Peaceful Area
CHANDIGARH,281,534,42,314,143,807,0,Peaceful Area
CHANDOLI,62,139,172,99,182,512,0,Peaceful Area
CHANGLANG,53,55,1,36,0,23,0,Peaceful Area
CHATRA,170,125,164,20,0,77,0,Peaceful Area
CHENGAI,97,95,91,329,123,319,0,Peaceful Area
CHENNAI RLY.,1,6,7,42,14,8,0,Peaceful Area
CHENNAISUBURBAN,96,58,66,154,194,157,0,Peaceful Area
CHICKMAGALUR,159,114,56,692,59,1035,5,Peaceful Area
CHIRANG,199,246,14,91,0,402,0,Peaceful Area
CHITRADURGA,229,177,73,954,2,648,0,Peaceful Area
CHITRAKOOT DHAM,190,91,136,215,10,130,0,Peaceful Area
CHURACHANDPUR,29,11,0,12,0,2,0,Peaceful Area
CHURU,360,222,133,418,4,2840,0,Peaceful Area
CID,0,0,0,0,0,0,0,Peaceful Area
CID CRIME,2,0,0,0,0,0,0,Peaceful Area
COIMBATORE RURAL,197,389,103,912,219,973,0,Peaceful Area
COIMBATORE URBAN,100,81,42,245,117,570,0,Peaceful Area
CP AMRITSAR,71,122,19,31,5,293,0,Peaceful Area
CP JALANDHAR,70,109,15,63,10,263,0,Peaceful Area
CP LUDHIANA,172,283,33,84,37,363,0,Peaceful Area
CRIME BRANCH,4,1,0,0,0,0,0,Peaceful Area
CRIME JAMMU,0,0,0,0,0,0,0,Peaceful Area
CRIME KASHMIR,0,0,0,0,0,0,0,Peaceful Area
CRIME SRINAGAR,0,0,0,0,0,0,0,Peaceful Area
CSM NAGAR,76,263,42,109,0,118,0,Peaceful Area
D and N HAVELI,56,94,1,50,4,38,0,Peaceful Area
DAHOD,87,389,0,246,1,328,0,Peaceful Area
DAKSHIN KANNADA,127,70,20,479,39,489,0,Peaceful Area
DAMAN,17,11,2,15,1,18,0,Peaceful Area
DANTEWARA,136,60,7,143,9,50,0,Peaceful Area
DARJEELING,400,462,33,486,27,1346,1,Peaceful Area
DATIYA,287,131,122,787,0,333,0,Peaceful Area
DAUSA,185,508,141,273,0,1363,0,Peaceful Area
DAVANAGERE,171,174,106,873,25,1092,0,Peaceful Area
DCP BBSR,202,183,95,274,51,248,0,Peaceful Area
DCP CTC,96,132,41,114,12,439,0,Peaceful Area
DEOGARH,148,65,24,691,26,162,0,Peaceful Area
DEOGHAR,435,69,178,129,49,379,12,Peaceful Area
DEORIA,95,323,287,118,86,308,0,Peaceful Area
DHALAI,220,90,26,211,1,382,0,Peaceful Area
DHAMTARI,334,67,19,667,85,168,0,Peaceful Area
DHANBAD RLY.,12,13,17,43,0,7,0,Peaceful Area
DHARMAPURI,177,433,66,753,66,466,0,Peaceful Area
DHARWAD COMMR.,40,137,31,135,25,426,0,Peaceful Area
DHARWAD RURAL,44,38,26,250,0,198,0,Peaceful Area
DHULE,178,114,66,361,96,2080,0,Peaceful Area
DIBANG VALLEY,30,36,0,36,0,17,0,Peaceful Area
DIMAPUR,63,38,0,50,5,7,1,Peaceful Area
DINDIGUL,170,483,44,455,99,764,5,Peaceful Area
DINDORI,370,22,26,687,45,201,0,Peaceful Area
DIU,3,4,1,0,1,17,0,Peaceful Area
DODA,168,336,0,191,59,121,0,Peaceful Area
DUMKA,557,179,113,245,7,534,4,Peaceful Area
DUNGARPUR,259,532,66,643,2,935,0,Peaceful Area
EOW,0,0,0,1,3,0,0,Peaceful Area
ERNAKULAM,65,16,4,332,9,340,0,Peaceful Area
ERNAKULAM COMMR.,204,54,8,746,151,1055,0,Peaceful Area
ERNAKULAM RURAL,297,83,15,1269,168,1473,0,Peaceful Area
ERODE,171,366,39,635,88,432,0,Peaceful Area
FAIZABAD,224,605,174,288,263,432,0,Peaceful Area
FARIDKOT,130,96,30,129,3,276,0,Peaceful Area
FATEHABAD,146,209,80,169,83,1016,0,Peaceful Area
FATEHGARH SAHIB,105,91,37,70,20,192,0,Peaceful Area
FAZILKA,53,43,5,6,0,65,0,Peaceful Area
FEROZEPUR,109,47,33,80,0,146,0,Peaceful Area
FEROZPUR,222,177,54,95,27,331,0,Peaceful Area
G.R.P,7,1,25,22,0,0,0,Peaceful Area
G.R.P.,53,90,22,361,340,32,0,Peaceful Area
G.R.P. AJMER,0,0,3,1,0,0,0,Peaceful Area
G.R.P. JODHPUR,2,0,0,1,2,0,0,Peaceful Area
G.R.P.(RLY),8,15,6,18,2,0,0,Peaceful Area
G.R.P.AJMER,6,11,1,22,0,0,0,Peaceful Area
G.R.P.JODHPUR,1,1,1,9,0,0,0,Peaceful Area
GADAG,44,41,28,357,2,313,0,Peaceful Area
GADCHIROLI,245,95,14,495,100,510,0,Peaceful Area
GAJAPATI,103,78,15,425,35,107,0,Peaceful Area
GANDERBAL,74,384,0,683,42,15,0,Peaceful Area
GANDHINAGAR,116,259,17,200,40,1652,0,Peaceful Area
GARHWA,321,148,168,82,2,363,5,Peaceful Area
GARIYABAND,40,3,6,58,6,14,0,Peaceful Area
GARO HILLS EAST,29,8,0,28,1,0,0,Peaceful Area
GARO HILLS SOUTH,21,10,0,10,0,5,0,Peaceful Area
GARO HILLS WEST,92,78,2,151,5,45,0,Peaceful Area
GHAZIPUR,70,190,288,151,177,569,0,Peaceful Area
GODDA,521,182,68,131,0,397,0,Peaceful Area
GOMATI,26,14,4,34,0,157,0,Peaceful Area
GONDIA,348,197,35,965,246,668,0,Peaceful Area
GRP,15,23,77,47,1358,2,0,Peaceful Area
GRP RAIPUR,19,14,4,35,6,13,0,Peaceful Area
GRP(RLY),19,55,5,27,8,2,0,Peaceful Area
GUMLA,498,238,12,102,0,126,2,Peaceful Area
GUNTAKAL RLY.,3,6,5,19,13,11,0,Peaceful Area
GUNTUR URBAN,69,65,28,218,248,1327,0,Peaceful Area
GURDASPUR,225,208,84,136,2,360,0,Peaceful Area
HAILAKANDI,433,525,36,235,4,779,0,Peaceful Area
HAMIRPUR,206,290,176,512,142,483,0,Peaceful Area
HAMREN,3,12,0,2,0,3,0,Peaceful Area
HANDWARA,66,269,0,579,61,12,0,Peaceful Area
HARDA,363,72,65,520,91,190,0,Peaceful Area
HASSAN,209,150,123,965,2,1213,3,Peaceful Area
HAVERI,75,40,30,540,0,445,0,Peaceful Area
HIMATNAGAR,141,470,7,436,11,2305,0,Peaceful Area
HINGOLI,175,101,40,465,70,1223,0,Peaceful Area
HOSHIARPUR,325,222,117,169,22,711,0,Peaceful Area
HOWRAH CITY,110,300,46,259,74,1458,0,Peaceful Area
HOWRAH G.R.P.,10,33,4,60,4,5,1,Peaceful Area
I.G.I. AIRPORT,1,5,0,14,5,1,0,Peaceful Area
IGI AIRPORT,1,5,0,36,6,2,0,Peaceful Area
IMPHAL EAST,47,187,0,65,0,32,0,Peaceful Area
IMPHAL WEST,81,264,2,118,1,52,0,Peaceful Area
IMPHAL(EAST),25,73,0,18,0,2,0,Peaceful Area
IMPHAL(WEST),34,151,0,101,0,12,0,Peaceful Area
INDORE RLY.,22,7,3,52,7,2,0,Peaceful Area
J.P.NAGAR,290,397,165,297,390,762,0,Peaceful Area
JABALPUR RLY.,22,8,4,68,16,1,0,Peaceful Area
JAGATSINGHPUR,259,274,189,171,21,570,0,Peaceful Area
JAGDALPUR,743,139,18,553,25,210,0,Peaceful Area
JAGRAON,109,69,20,55,17,149,0,Peaceful Area
JAINTIA HILLS,236,31,0,58,0,0,0,Peaceful Area
JAIPUR EAST,193,402,60,310,4,1338,0,Peaceful Area
JAIPUR NORTH,171,424,67,228,0,1410,0,Peaceful Area
JAIPUR RURAL,260,541,103,573,15,1581,0,Peaceful Area
JAIPUR SOUTH,120,317,50,169,0,1342,0,Peaceful Area
JAIPUR WEST,61,132,10,43,0,465,0,Peaceful Area
JAISALMER,45,67,68,202,0,245,1,Peaceful Area
JALANDHAR,365,594,112,321,7,1023,0,Peaceful Area
JALANDHAR RURAL,68,59,7,58,7,115,0,Peaceful Area
JALAUN,82,285,364,326,204,419,0,Peaceful Area
JALORE,134,308,121,589,0,1239,0,Peaceful Area
JAMALPUR RLY.,6,6,5,14,0,2,0,Peaceful Area
JAMNAGAR,192,312,8,260,46,2806,0,Peaceful Area
JAMSHEDPUR RLY.,11,19,3,24,0,6,0,Peaceful Area
JAMTARA,238,87,64,122,2,258,0,Peaceful Area
JAMUI,290,215,201,189,2,450,0,Peaceful Area
JASHPUR,713,190,16,554,36,186,0,Peaceful Area
JEHANABAD,101,142,252,74,0,262,0,Peaceful Area
JHABUA,435,375,31,878,18,159,0,Peaceful Area
JHAJJAR,231,171,178,269,278,1226,0,Peaceful Area
JHARGRAM,21,21,6,28,0,47,0,Peaceful Area
JHARSUGUDA,170,79,33,568,53,251,0,Peaceful Area
JIND,302,206,166,197,213,835,0,Peaceful Area
JODHPUR,135,302,75,580,19,1303,1,Peaceful Area
JODHPUR CITY,128,246,66,238,10,1475,0,Peaceful Area
JODHPUR EAST,20,13,11,16,0,296,0,Peaceful Area
JODHPUR RURAL,172,182,112,281,0,692,0,Peaceful Area
JODHPUR WEST,20,23,5,27,0,5,0,Peaceful Area
JORHAT,476,509,9,516,0,1082,0,Peaceful Area
K.G.F.,64,63,57,181,2,246,0,Peaceful Area
K/KUMEY,17,15,0,3,0,2,0,Peaceful Area
KABIRDHAM,268,51,22,670,56,256,0,Peaceful Area
KAITHAL,218,137,112,188,0,1601,0,Peaceful Area
KALAHANDI,436,234,81,744,91,500,0,Peaceful Area
KAMENG EAST,25,29,0,49,0,3,0,Peaceful Area
KAMENG WEST,7,15,0,27,0,3,0,Peaceful Area
KANCHIPURAM,251,144,90,385,171,181,9,Peaceful Area
KANDHAMAL,368,235,46,1022,65,483,0,Peaceful Area
KANGRA,232,285,9,505,74,614,0,Peaceful Area
KANKER,314,71,19,325,25,153,0,Peaceful Area
KANNAUJ,92,464,256,310,106,822,0,Peaceful Area
KANSHIRAM NAGAR,84,197,133,145,10,132,0,Peaceful Area
KANYAKUMARI,110,302,49,239,725,719,0,Peaceful Area
KAPURTHALA,190,174,45,153,0,410,0,Peaceful Area
KARAIKAL,12,15,1,108,25,6,0,Peaceful Area
KARBI ANGLONG,171,234,14,105,1,183,0,Peaceful Area
KARGIL,8,21,0,18,0,3,0,Peaceful Area
KARIMGANJ,397,478,88,89,0,1279,1,Peaceful Area
KARUR,68,253,25,174,52,209,0,Peaceful Area
KASARGOD,480,51,6,944,87,1775,0,Peaceful Area
KATHUA,164,232,26,204,105,90,0,Peaceful Area
KATIHAR RLY.,17,33,6,31,0,11,0,Peaceful Area
KAUSHAMBI,226,297,258,343,95,610,0,Peaceful Area
KAWARDHA,35,0,1,45,4,15,0,Peaceful Area
KHAGARIA,172,208,157,112,0,211,1,Peaceful Area
KHANNA,111,92,42,57,0,254,0,Peaceful Area
KHARAGPUR G.R.P.,3,8,1,19,3,7,0,Peaceful Area
KHASI HILLS EAST,347,98,13,180,2,108,0,Peaceful Area
KHASI HILLS WEST,159,12,0,49,0,0,0,Peaceful Area
KHEDA NORTH,149,456,0,361,0,1817,0,Peaceful Area
KHOWAI,10,3,3,22,0,36,0,Peaceful Area
KHUNTI,50,29,3,12,1,15,5,Peaceful Area
KINNAUR,63,29,1,38,3,43,0,Peaceful Area
KIPHIRE,2,1,0,0,0,0,0,Peaceful Area
KISHANGANJ,435,575,88,80,1,433,0,Peaceful Area
KISHTWAR,20,106,0,42,8,42,0,Peaceful Area
KODAGU,129,55,30,311,12,413,0,Peaceful Area
KODERMA,114,110,129,79,4,324,0,Peaceful Area
KOHIMA,63,10,0,17,0,2,0,Peaceful Area
KOKRAJHAR,399,452,34,342,0,762,2,Peaceful Area
KOLAR,188,190,157,401,3,426,0,Peaceful Area
KOLASIB,80,1,0,81,1,2,0,Peaceful Area
KOLLAM COMMR.,97,38,5,363,60,655,0,Peaceful Area
KOLLAM RURAL,95,24,1,525,28,624,0,Peaceful Area
KONDAGAON,11,0,0,4,3,2,0,Peaceful Area
KOPPAL,102,92,38,314,4,556,0,Peaceful Area
KORBA,433,74,65,896,93,459,0,Peaceful Area
KORIYA,646,96,26,1009,36,471,1,Peaceful Area
KOTA,204,580,47,843,13,1706,0,Peaceful Area
KOTA CITY,192,477,51,362,5,2426,0,Peaceful Area
KOTA RURAL,234,236,30,609,8,1370,0,Peaceful Area
KOZHIKODE,92,11,2,253,20,662,0,Peaceful Area
KOZHIKODE COMMR.,169,57,16,721,334,1520,0,Peaceful Area
KRISHNAGIRI,125,318,44,333,134,247,0,Peaceful Area
KULGAM,107,521,0,542,109,7,0,Peaceful Area
KULLU,206,127,3,273,10,166,0,Peaceful Area
KUPWARA,102,380,0,593,77,26,0,Peaceful Area
KURUKSHETRA,343,234,113,226,255,1112,0,Peaceful Area
KUSHI NAGAR,125,343,251,170,326,251,0,Peaceful Area
KUTCH,97,325,15,276,21,2367,0,Peaceful Area
KUTCH (EAST(G)),25,40,3,25,1,325,0,Peaceful Area
KUTCH (WEST-BHUJ),23,32,0,32,0,235,0,Peaceful Area
LAHAUL-SPITI,10,4,0,5,2,11,0,Peaceful Area
LAKHISARAI,156,189,124,123,7,217,0,Peaceful Area
LAKSHADWEEP,7,1,0,5,0,7,0,Peaceful Area
LALITPUR,122,112,101,217,203,237,0,Peaceful Area
LATEHAR,162,94,40,42,0,57,0,Peaceful Area
LAWNGTLAI,40,1,2,32,1,0,0,Peaceful Area
LEH,35,26,0,45,2,1,0,Peaceful Area
LOHARDAGGA,261,86,9,74,0,210,0,Peaceful Area
LOHIT,50,67,0,69,0,5,0,Peaceful Area
LONGLENG,1,1,0,0,0,0,0,Peaceful Area
LUDHIANA RURAL,49,59,12,16,8,115,0,Peaceful Area
LUNGLEI,104,0,0,107,1,0,0,Peaceful Area
MADHEPURA,174,311,126,52,2,186,4,Peaceful Area
MADURAI RURAL,244,446,105,752,115,760,0,Peaceful Area
MADURAI URBAN,70,207,78,237,392,587,0,Peaceful Area
MAHARAJGANJ,193,326,155,159,228,282,0,Peaceful Area
MAHASAMUND,359,117,48,729,52,265,0,Peaceful Area
MAHENDRAGARH,198,215,107,236,0,593,0,Peaceful Area
MAHOBA,106,170,146,264,80,152,0,Peaceful Area
MAJITHA,66,70,32,50,3,125,0,Peaceful Area
MALKANGIR,167,92,24,335,36,137,0,Peaceful Area
MAMIT,47,0,0,29,0,15,2,Peaceful Area
MANDI,261,140,5,718,83,470,0,Peaceful Area
MANDYA,256,182,131,915,3,1354,1,Peaceful Area
MANGALORE CITY,28,8,1,56,3,91,3,Peaceful Area
MANSA,171,72,47,73,2,178,0,Peaceful Area
MAU,132,400,131,265,332,535,0,Peaceful Area
MEHSANA,92,585,15,353,11,2637,0,Peaceful Area
MEWAT,264,107,57,107,50,1121,0,Peaceful Area
MIDNAPUR,84,74,58,54,1,470,0,Peaceful Area
MIRZAPUR,110,94,258,125,87,737,0,Peaceful Area
MOGA,152,144,47,151,9,261,0,Peaceful Area
MOKOKCHUNG,12,1,0,5,3,0,0,Peaceful Area
MON,13,5,0,3,0,0,0,Peaceful Area
MUKTSAR,149,119,41,88,3,229,0,Peaceful Area
MUMBAI RLY.,31,31,3,136,29,0,0,Peaceful Area
MUNGELI,6,13,2,24,3,26,0,Peaceful Area
MUNGER,155,352,128,56,0,476,0,Peaceful Area
MUZAFFARPUR RLY.,23,20,4,31,0,7,0,Peaceful Area
MYSORE COMMR.,124,142,73,218,1,960,21,Peaceful Area
MYSORE RURAL,200,158,123,1053,2,1141,0,Peaceful Area
N.C.HILLS,33,95,5,26,4,92,0,Peaceful Area
NAGAPATTINAM,137,297,52,608,126,164,0,Peaceful Area
NAGPUR RLY.,11,16,3,72,19,4,0,Peaceful Area
NAINITAL,109,251,123,121,100,257,1,Peaceful Area
NALBARI,322,544,31,553,0,609,0,Peaceful Area
NAMAKKAL,115,363,34,503,169,285,0,Peaceful Area
NANDURBAR,221,92,17,347,81,996,0,Peaceful Area
NARAYANPUR,25,4,1,28,3,6,0,Peaceful Area
NARMADA,73,54,0,63,6,107,0,Peaceful Area
NASIK COMMR.,202,173,37,398,155,1502,0,Peaceful Area
NAUGACHIA,89,130,90,131,0,313,0,Peaceful Area
NAVI MUMBAI,260,120,54,449,194,818,0,Peaceful Area
NAVSARI,42,100,3,45,5,381,0,Peaceful Area
NAWADAH,263,269,243,107,8,352,10,Peaceful Area
NAWAN SHAHR,82,61,22,53,4,146,0,Peaceful Area
NAYAGARH,246,241,134,119,34,384,0,Peaceful Area
NEEMUCH,301,81,32,694,131,602,9,Peaceful Area
NEW DELHI,84,181,7,266,130,94,0,Peaceful Area
NICOBAR,2,0,0,8,0,1,0,Peaceful Area
NILGIRIS,90,52,8,232,49,93,0,Peaceful Area
NORTH EAST,195,487,71,148,15,309,0,Peaceful Area
NORTH GOA,169,77,11,184,71,92,0,Peaceful Area
NOWRANGPUR,337,252,15,711,102,296,0,Peaceful Area
NUAPADA,116,90,25,473,61,201,0,Peaceful Area
OSMANABAD,308,155,23,752,106,1712,0,Peaceful Area
PAKUR,467,100,28,95,1,361,0,Peaceful Area
PALWAL,230,199,80,179,67,549,0,Peaceful Area
PANCHKULA,144,163,38,194,159,784,0,Peaceful Area
PANCHMAHAL,112,531,1,367,37,1546,0,Peaceful Area
PANCHSHIL NAGAR,33,129,32,47,0,128,0,Peaceful Area
PAPUM PARE,71,102,0,113,11,34,0,Peaceful Area
PARBHANI,240,141,80,680,73,2103,0,Peaceful Area
PATAN,108,318,0,349,3,1518,0,Peaceful Area
PATHANAMTHITTA,262,110,8,1649,146,1612,0,Peaceful Area
PATHANKOT,23,23,12,4,0,46,0,Peaceful Area
PATIALA,322,366,119,422,25,1403,0,Peaceful Area
PATNA RLY.,14,27,25,131,0,15,0,Peaceful Area
PAURI GARHWAL,55,95,65,64,22,126,0,Peaceful Area
PERAMBALUR,159,238,32,504,85,213,0,Peaceful Area
PEREN,7,0,0,6,1,0,0,Peaceful Area
PHEK,18,1,0,10,0,0,0,Peaceful Area
PITHORAGARH,59,23,41,78,10,78,0,Peaceful Area
PONDICHERRY,41,51,21,365,197,59,0,Peaceful Area
POONCH,161,244,0,234,49,128,0,Peaceful Area
PORBANDAR,40,96,7,68,7,669,0,Peaceful Area
PRABUDDH NAGAR,18,114,22,27,0,138,0,Peaceful Area
PUDUCHERRY,24,55,4,140,62,40,0,Peaceful Area
PUDUKOTTAI,99,321,42,508,37,370,0,Peaceful Area
PULWAMA,79,427,3,317,112,4,0,Peaceful Area
PUNE RLY.,10,6,1,18,3,0,0,Peaceful Area
R.P.O.,50,20,0,5,0,22,0,Peaceful Area
RAICHUR,195,192,64,1022,33,1301,0,Peaceful Area
RAIGAD,253,80,56,467,120,608,0,Peaceful Area
RAILWAYS,10,6,11,139,46,3,0,Peaceful Area
RAILWAYS JAMMU,0,0,0,0,1,0,0,Peaceful Area
RAILWAYS KASHMIR,0,1,0,0,1,0,0,Peaceful Area
RAILWAYS KATRA,0,0,0,0,0,0,0,Peaceful Area
RAILWAYS KMR,0,0,0,2,0,0,0,Peaceful Area
RAJAHMUNDRY,38,45,10,140,108,468,0,Peaceful Area
RAJKOT COMMR.,93,410,23,184,128,2659,0,Peaceful Area
RAJKOT RURAL,249,564,35,416,45,3033,0,Peaceful Area
RAJOURI,295,381,23,294,75,348,0,Peaceful Area
RAJSAMAND,125,488,40,456,11,2010,0,Peaceful Area
RAMABAI NAGAR,51,237,79,105,0,230,0,Peaceful Area
RAMANAGAR,78,143,87,398,0,319,0,Peaceful Area
RAMBAN,109,130,0,82,41,4,0,Peaceful Area
RAMGARH,118,120,47,50,4,128,1,Peaceful Area
RAMNATHAPURAM,118,304,36,385,61,205,0,Peaceful Area
RATNAGIRI,240,70,9,417,235,542,0,Peaceful Area
RAYAGADA,275,159,43,765,44,348,12,Peaceful Area
REASI,88,132,0,95,47,16,0,Peaceful Area
REWARI,212,222,126,253,94,690,0,Peaceful Area
RI-BHOI,136,27,0,56,0,7,4,Peaceful Area
ROPAR,136,122,44,155,29,302,0,Peaceful Area
ROURKELA,295,156,40,775,78,388,0,Peaceful Area
RUDRA PRAYAG,26,28,49,45,14,33,0,Peaceful Area
RURAL,11,9,0,17,0,4,0,Peaceful Area
S.T.F.,1,0,0,1,0,0,0,Peaceful Area
SAHARSA,197,225,136,334,2,251,7,Peaceful Area
SAHEBGANJ,549,225,63,184,3,334,2,Peaceful Area
SAIHA,33,4,2,64,1,0,0,Peaceful Area
SALEM URBAN,154,206,52,139,184,313,0,Peaceful Area
SAMBA,24,40,5,34,34,23,0,Peaceful Area
SAMBALPUR,326,143,31,800,91,312,0,Peaceful Area
SANGLI,429,148,107,627,120,1103,0,Peaceful Area
SANGRUR,289,175,92,200,29,575,0,Peaceful Area
SANT KABIRNAGAR,116,294,87,93,151,205,0,Peaceful Area
SARAIKELA,301,107,54,88,2,224,0,Peaceful Area
SAS NGR,133,157,29,77,10,280,2,Peaceful Area
SATARA,370,234,73,751,146,2161,0,Peaceful Area
SAWAI MADHOPUR,245,561,85,469,0,1724,0,Peaceful Area
SBS NAGAR,72,36,14,27,4,128,0,Peaceful Area
SEALDAH G.R.P.,19,36,11,56,2,10,0,Peaceful Area
SECUNDERABAD RLY.,7,3,8,20,10,5,0,Peaceful Area
SENAPATI,7,9,0,2,0,0,0,Peaceful Area
SERCHHIP,55,2,0,53,0,1,1,Peaceful Area
SHEIKHPURA,57,96,88,32,0,209,1,Peaceful Area
SHEOHAR,90,133,57,48,1,112,1,Peaceful Area
SHEOPUR,215,43,36,489,6,256,0,Peaceful Area
SHIMLA,309,233,6,481,43,335,0,Peaceful Area
SHIMOGA,195,216,58,1119,42,2273,0,Peaceful Area
SHOPIAN,31,176,0,299,32,2,0,Peaceful Area
SHRAWASTI,111,211,108,175,77,104,0,Peaceful Area
SIANG EAST,100,63,0,105,0,13,0,Peaceful Area
SIANG UPPER,21,17,0,28,0,4,0,Peaceful Area
SIANG WEST,53,69,0,122,5,35,0,Peaceful Area
SIDHARTHNAGAR,103,323,149,198,175,301,0,Peaceful Area
SILIGURI G.R.P.,2,23,3,31,1,1,0,Peaceful Area
SILIGURI_PC,21,111,3,35,12,370,0,Peaceful Area
SIMDEGA,256,109,7,33,4,44,1,Peaceful Area
SINDHUDURG,98,42,10,198,120,105,0,Peaceful Area
SINGRAULI,206,107,79,474,12,306,0,Peaceful Area
SIPAHIJALA,23,24,3,42,1,155,0,Peaceful Area
SIRMAUR,128,128,6,329,27,259,0,Peaceful Area
SIROHI,233,401,63,638,4,1431,0,Peaceful Area
SIRSA,277,225,101,216,1,1453,0,Peaceful Area
SIVAGANGAI,61,266,44,196,109,471,0,Peaceful Area
SOLAN,137,129,7,237,14,261,0,Peaceful Area
SOLAPUR COMMR.,229,123,22,222,69,776,0,Peaceful Area
SONBHADRA,165,161,149,180,185,190,0,Peaceful Area
SONEPUR,127,45,23,518,25,111,5,Peaceful Area
SOPORE,20,106,0,172,31,14,0,Peaceful Area
SOUTH GOA,181,87,8,144,52,99,0,Peaceful Area
SOUTH WEST,246,334,70,242,65,289,0,Peaceful Area
SPL CELL,0,0,0,0,0,0,0,Peaceful Area
SRP(CUTTACK),8,19,1,73,7,10,0,Peaceful Area
SRP(ROURKELA),15,20,3,65,3,13,0,Peaceful Area
ST.RAVIDASNAGAR,22,69,112,49,58,221,0,Peaceful Area
STF,0,0,0,0,0,0,0,Peaceful Area
SUBANSIRI LOWER,16,27,0,46,0,2,0,Peaceful Area
SUBANSIRI UPPER,26,32,0,65,0,14,0,Peaceful Area
SUKMA,1,5,0,2,0,2,0,Peaceful Area
SUNDARGARH,356,172,45,732,81,168,0,Peaceful Area
SUPAUL,347,299,134,214,0,319,9,Peaceful Area
SURAJPUR,544,73,24,553,18,355,0,Peaceful Area
SURAT RURAL,123,165,10,119,5,642,0,Peaceful Area
SURENDRANAGAR,206,386,13,484,30,1183,0,Peaceful Area
TAMENGLONG,2,1,0,1,0,0,0,Peaceful Area
TAPI,20,12,0,21,0,56,0,Peaceful Area
TARN TARAN,221,148,57,169,1,231,0,Peaceful Area
TAWANG,5,1,0,31,2,3,0,Peaceful Area
TEHRI GARHWAL,44,61,39,43,10,77,0,Peaceful Area
THANJAVUR,101,441,49,931,93,291,0,Peaceful Area
THENI,117,373,54,542,164,534,0,Peaceful Area
THIRUNELVELI URBAN,64,113,16,91,204,131,0,Peaceful Area
THIRUVALLUR,159,192,87,511,117,268,0,Peaceful Area
THIRUVANNAMALAI,209,401,39,286,180,284,0,Peaceful Area
THIRUVARUR,81,192,33,506,106,132,0,Peaceful Area
THOOTHUGUDI,248,271,34,340,953,586,0,Peaceful Area
THOUBAL,113,267,0,72,2,97,0,Peaceful Area
THRISSUR COMMR.,63,19,0,211,60,277,0,Peaceful Area
THRISSUR RURAL,115,21,3,481,64,810,0,Peaceful Area
TIRAP,14,19,1,36,0,3,0,Peaceful Area
TIRUPATHI URBAN,32,30,16,99,43,293,0,Peaceful Area
TIRUPPUR,39,167,25,164,8,257,0,Peaceful Area
TONK,213,640,49,412,22,2764,3,Peaceful Area
TRICHY RLY.,1,1,1,13,7,4,0,Peaceful Area
TRICHY RURAL,133,306,63,251,31,324,1,Peaceful Area
TRICHY URBAN,44,127,41,120,730,331,0,Peaceful Area
TRIVANDRUM,113,45,8,749,18,524,0,Peaceful Area
TRIVANDRUM COMMR.,260,131,9,1684,205,1177,0,Peaceful Area
TUENSANG,10,0,0,3,0,0,0,Peaceful Area
TUMKUR,208,108,176,1090,2,803,0,Peaceful Area
UDALGURI,219,245,23,186,0,266,0,Peaceful Area
UDHAMPUR,168,134,10,190,153,82,0,Peaceful Area
UDHAMSINGH NAGAR,235,559,174,319,60,853,0,Peaceful Area
UDUPI,75,26,11,305,12,295,0,Peaceful Area
UKHRUL,5,5,0,2,0,1,0,Peaceful Area
UMARIYA,308,17,42,759,55,270,0,Peaceful Area
UNA,100,87,3,156,44,319,0,Peaceful Area
UNAKOTI,26,9,2,26,2,92,0,Peaceful Area
UPPER DIBANG VALLEY,0,1,0,1,0,0,0,Peaceful Area
UTTAR KANNADA,73,58,17,632,48,625,0,Peaceful Area
UTTARKASHI,62,54,10,58,20,75,0,Peaceful Area
VADODARA COMMR.,81,419,1,169,51,2239,0,Peaceful Area
VADODARA RURAL,200,555,0,309,1,874,0,Peaceful Area
VALSAD,92,154,1,104,0,359,0,Peaceful Area
VELLORE,274,480,98,461,124,484,0,Peaceful Area
VIJAYAWADA,134,228,36,569,757,3571,0,Peaceful Area
VIJAYAWADA RLY.,4,5,4,35,15,10,0,Peaceful Area
VILUPPURAM,49,49,9,50,5,59,0,Peaceful Area
VIRUDHUNAGAR,204,418,30,498,851,662,0,Peaceful Area
VISAKHA RURAL,228,140,72,793,502,1739,0,Peaceful Area
W.RLY,16,24,1,64,16,34,0,Peaceful Area
W.RLY AHMEDABAD,1,3,0,8,0,2,0,Peaceful Area
W.RLY VADODARA,0,3,0,3,0,1,0,Peaceful Area
WARANGAL URBAN,82,82,47,199,153,742,0,Peaceful Area
WASHIM,217,180,91,765,146,1454,0,Peaceful Area
WAYANADU,394,40,17,742,106,1149,0,Peaceful Area
WOKHA,13,8,0,2,1,0,0,Peaceful Area
YADGIRI,23,20,5,231,12,175,0,Peaceful Area
YAMUNANAGAR,277,347,93,216,54,1377,0,Peaceful Area
ZUNHEBOTO,18,6,0,0,0,0,0,Peaceful Area
